leed,24
energyplus,20
cooling,20
ashrae,18
heat,18
weather,18
equest,17
performance,16
software,16
air,15
baseline,15
doe,15
modeling,15
experience,15
source,14
program,14
fan,14
ibpsa,14
available,13
water,13
engineering,13
information,12
web,12
systems,12
heating,12
usa,12
thermal,12
temperature,11
doe2,11
0500,11
training,10
conference,10
university,10
joe,10
load,10
yahoo,9
jeff,9
research,9
version,9
interested,8
whiteboxtechnologies,8
phone,8
project,8
0700,8
tools,8
text,8
wall,8
1e,7
loads,7
tamu,7
analytics,7
pump,7
jason,7
hvac,7
haberl,7
engineer,7
sami,7
proposed,7
appendix,7
size,7
looking,7
vikram,7
uk,7
john,7
chris,6
find,6
case,6
openstudio,6
power,6
huang,6
exhaust,6
jim,6
chiller,6
loop,6
users,6
jun,6
lighting,6
glass,6
free,6
ventilation,6
news,5
workshop,5
space,5
group,5
window,5
floor,5
control,5
cost,5
designbuilder,5
wrote,5
0800,5
oa,5
webinar,5
0600,5
yjhuang,5
white,5
linkedin,5
supply,5
0400,4
based,4
residential,4
equipment,4
glazing,4
esl,4
commercial,4
input,4
mit,4
trnsys,4
hours,4
epw,4
team,4
62,4
user,4
ac,4
good,4
vav,4
standard,4
texas,4
certification,4
buildingperformanceteam,4
question,4
existing,4
image,4
meeting,4
green,4
better,4
solar,4
il,4
sizing,3
robert,3
intended,3
busse,3
des,3
mass,3
error,3
ramana,3
roof,3
curves,3
different,3
bytes,3
flow,3
bill,3
value,3
manage,3
mark,3
workshops,3
street,3
fans,3
savings,3
hot,3
aeck,3
nrel,3
minimum,3
alex,3
lordaecksargent,3
high,3
bin,3
network,3
surface,3
gerald,3
climate,3
cfm,3
pnl,3
direct,3
cfd,3
tool,3
suite,3
drury,3
references,3
utility,3
large,3
ridge,3
michael,3
skills,3
people,3
register,3
review,3
technologies,3
04,3
koti,3
christopher,3
nick,3
best,3
see,3
open,3
elements,3
zones,3
models,3
days,3
jones,3
unmet,3
2002,3
park,3
simbuild,3
bnim,3
box,3
crawley,3
daylight,3
ies,3
varkie,3
cgi,3
wichert,3
studio,3
bb,3
attendee,3
bigladdersoftware,3
hourly,3
desc,3
dirkes,3
windows,3
newsletter,3
report,2
controls,2
optimization,2
administrator,2
responsive,2
64105,2
jpeg,2
powerdoe,2
process,2
conferences,2
05,2
pde,2
radiance,2
st,2
8653,2
walls,2
mil,2
recovery,2
latest,2
interface,2
tmy2,2
solutions,2
karen,2
mike,2
boiler,2
sf,2
thomas,2
wind,2
missouri,2
pv,2
listinfo,2
admin,2
psdconsulting,2
consultant,2
dmiinc,2
yates,2
site,2
engineers,2
protection,2
gototraining,2
iesve,2
infiltration,2
actual,2
0100,2
appreciated,2
public,2
arup,2
3d,2
3581,2
jeremiah,2
est,2
christian,2
jhaberl,2
highway,2
groups,2
issue,2
smithboucher,2
convert,2
eng,2
forum,2
technical,2
tired,2
communication,2
recipient,2
projects,2
christoph,2
curve,2
eurek,2
peak,2
kansas,2
aulbach,2
go,2
nwo,2
occupancy,2
sargent,2
district,2
lord,2
station,2
denver,2
division,2
g3,2
913,2
spam,2
1635,2
wsp,2
registration,2
locations,2
paul,2
perkinswill,2
ma,2
read,2
architects,2
doas,2
programs,2
uniqid,2
plant,2
development,2
hirsch,2
electric,2
live,2
automatic,2
outdoor,2
army,2
sources,2
eventbrite,2
radiation,2
architecture,2
rosenberg,2
private,2
exterior,2
kw,2
caton,2
ext,2
questions,2
color,1
2015,1
definition,1
ensar,1
linda,1
ea,1
house,1
updates,1
402,1
eac1,1
grahovac,1
2016,1
alec,1
ibpsausa,1
bills,1
generation,1
england,1
messages,1
society,1
nexant,1
sevengroup,1
refrigerated,1
marcus,1
february,1
ml3oma,1
event,1
et,1
truth,1
0265,1
addenda,1
binned,1
material,1
eu,1
tmy3,1
barrier,1
james,1
bivona,1
roofs,1
ecm,1
rosiers,1
buildingsimulation2017,1
2feepurl,1
sadeghipour,1
khare,1
radiant,1
main,1
828,1
7462,1
thumb,1
lee,1
tillou,1
ce,1
shgc,1
vinay,1
met,1
degree,1
448,1
investment,1
cox,1
method,1
fossil,1
madison,1
utm_medium,1
postman,1
halsall,1
credit,1
rain,1
rates,1
430,1
try,1
kurtz,1
app,1
plenum,1
addressee,1
motor,1
classification,1
apply,1
bre,1
total,1
hudson,1
858,1
mariana,1
leakage,1
le,1
chair,1
courriel,1
curriculum,1
wizard,1
caveats,1
apartment,1
leave,1
roy,1
jaulbach,1
3376,1
results,1
edi,1
rob,1
gupta,1
code,1
environment,1
peachtree,1
presentation,1
postings,1
alpana,1
80304,1
orientations,1
jacob,1
cool,1
tickets,1
school,1
higgins,1
epstein,1
small,1
yahoogroups,1
guidelines,1
hand,1
ny,1
advance,1
guin,1
president,1
central,1
ght,1
types,1
ft,1
arch,1
fk,1
oc11expo28,1
2683,1
applications,1
lab,1
ladder,1
attend,1
49525,1
lam,1
chilled,1
ensargroup,1
6th,1
sp,1
fluent,1
typical,1
storage,1
zed,1
tamus,1
tavis,1
robertwichert,1
marianaristi,1
course,1
including,1
nbsp,1
elevators,1
style,1
establishment,1
cleantechanalytics,1
sudassociates,1
temperatures,1
vous,1
architect,1
company,1
walkerman,1
envelope,1
crockett,1
warm,1
mostapha,1
kendra,1
effort,1
tees,1
peeters,1
today,1
values,1
jacobs,1
brian,1
hansen,1
example,1
genopt,1
south,1
organized,1
umit,1
condenser,1
climates,1
numbers,1
iwec2,1
unimail,1
urban,1
requirements,1
comfort,1
510,1
sector,1
stewart,1
increased,1
xu,1
biz,1
ceo,1
psd,1
49504,1
jon,1
rules,1
sheelamkhare26,1
daysim,1
hap,1
technological,1
location,1
hay,1
smita,1
speed,1
rooms,1
progressiveae,1
advanced,1
stalberg,1
cooled,1
pnnl,1
library,1
successfully,1
twitter,1
month,1
apartments,1
krickx,1
office,1
blown,1
ability,1
8707,1
roth,1
facing,1
eer,1
patrick,1
shading,1
consent,1
valuable,1
series,1
things,1
phcjamaica,1
stevens,1
703,1
otto,1
pae,1
matthew,1
member,1
876,1
entitled,1
pathfinder,1
achapin,1
technology,1
scheduled,1
exchanger,1
ii,1
conditioned,1
zgf,1
winter,1
newton,1
builder,1
opinions,1
facebook,1
position,1
nichols,1
command,1
costs,1
concrete,1
center,1
nest,1
iwec,1
task,1
renewable,1
hargis,1
driven,1
colta,1
effect,1
peter,1
designbuilderusa,1
orientation,1
dmi,1
acacia,1
line,1
sefaira,1
3a,1
detailed,1
problem,1
724,1
martin,1
kaltreider,1
info,1
226,1
228,1
construction,1
reset,1
differences,1
registered,1
apeksha,1
claiming,1
1811,1
esiyok,1
sambhav,1
42b11,1
sempra,1
vice,1
syedf,1
jra_sac,1
variable,1
getting,1
nal,1
usgbc,1
sketchup,1
tess,1
wbishop,1
run,1
papers,1
field,1
756,1
consumption,1
kegel,1
m2,1
_____,1
porter,1
plug,1
40gmail,1
properties,1
fareed,1
0769126d70,1
grasshopper,1
column,1
step,1
flackandkurtz,1
301,1
schedule,1
eplus,1
index,1
span,1
stations,1
sri,1
authorized,1
geraldpde,1
751,1
conservation,1
support,1
ontario,1
gotowebinar,1
1631,1
6606,1
utm_source,1
cleantech,1
usace,1
emissivity,1
ou,1
tupper,1
range,1
acknowledgement,1
unclassified,1
coating,1
voice,1
626,1
promotions,1
face,1
voodoo,1
constant,1
epsteinglobal,1
points,1
archenergy,1
chi01exmb,1
jeffhaberl,1
dot,1
phase,1
virus,1
laboratory,1
dutel,1
corp,1
wales,1
206,1
developing,1
institute,1
tresidder,1
0631,1
fporter,1
national,1
glumac,1
materials,1
boulder,1
columns,1
fuel,1
going,1
limited,1
bipv,1
ground,1
hornets,1
font,1
flack,1
exchange2,1
infrared,1
daylighting,1
brandon,1
pe,1
david,1
aeieng,1
unoccupied,1
runeplus,1
3d2,1
laouadi,1
ceiling,1
casework,1
pavel,1
div,1
practitioners,1
city,1
floors,1
thereof,1
number,1
addendum,1
grade,1
bemp,1
toronto,1
ideas,1
boston,1
setnrgh2o,1
thornton,1
built,1
board,1
para,1
lbl,1
occupied,1
seer,1
nathan,1
low,1
utilities,1
sheelam,1
recording,1
862,1
3447,1
double,1
preferred,1
basement,1
class,1
period,1
254,1
251,1
02466,1
diva,1
subscribe,1
dimensional,1
community,1
uni,1
utm_campaign,1
studioma,1
scott,1
mc_eid,1
april,1
fred,1
syed,1
presentations,1
255,1
mobile,1
sriregistrar,1
squirrel,1
batch,1
_ylc,1
llp,1
gpc18,1
elevator,1
demand,1
modelling,1
diversity,1
billing,1
website,1
mc_cid,1
something,1
carey,1
create,1
dortmund,1
powered,1
annual,1
specialist,1
coto,1
requirement,1
result,1
college,1
computer,1
frame,1
dillon,1
julien,1
gouv,1
qm,1
espr,1
recommendations,1
dcmit_esiyok,1
qc,1
lexington,1
bat,1
eskewdumezripple,1
prosoco,1
click,1
01,1
cop,1
361,1
javed,1
energyplus_support,1
vrf,1
job,1
efficiency,1
0af59bbb65,1
exam,1
jta,1
sheffer,1
volume,1
outside,1
mud,1
dormitory,1
fenestration,1
naturalintelligence,1
07,1
natural,1
