analysis,29
equest,28
cooling,26
file,25
leed,25
files,25
heat,25
buildings,24
energyplus,22
ashrae,22
program,22
doe,20
weather,20
air,20
software,20
experience,19
web,18
modeling,18
temperature,18
usa,17
baseline,17
performance,17
load,16
available,16
engineering,16
ibpsa,16
project,15
information,15
source,15
systems,15
research,14
fan,14
university,14
heating,14
water,14
conference,14
thermal,13
doe2,13
phone,12
training,12
yahoo,11
tools,11
500,11
joe,11
proposed,11
1e,11
jun,11
wall,10
hvac,10
interested,10
loads,10
meeting,10
users,10
looking,10
chris,10
700,10
solar,9
user,9
whiteboxtechnologies,9
wrote,9
webinar,9
john,9
group,9
site,9
lighting,9
good,9
jeff,9
version,9
ventilation,9
600,9
text,9
tamu,9
analytics,8
appendix,8
pump,8
supply,8
size,8
power,8
jason,8
texas,7
window,7
better,7
chiller,7
haberl,7
glass,7
engineer,7
input,7
intended,7
vikram,7
sami,7
floor,7
cost,7
exhaust,7
references,7
case,6
value,6
oa,6
vav,6
peter,6
based,6
trnsys,6
question,6
news,6
workshop,6
openstudio,6
christopher,6
4,6
huang,6
il,6
free,6
loop,6
uk,6
green,6
epw,6
800,6
400,6
recipient,6
jim,6
designbuilder,6
62,5
exterior,5
climate,5
busse,5
varkie,5
advance,5
find,5
walls,5
simbuild,5
linkedin,5
commercial,5
see,5
hours,5
glazing,5
bin,5
wichert,5
open,5
2002,5
white,5
fans,5
ridge,5
aulbach,5
standard,5
buildingperformanceteam,5
register,5
robert,5
nick,5
attendee,5
image,5
highway,5
people,5
paul,4
internal,4
manage,4
park,4
programs,4
review,4
tool,4
network,4
space,4
team,4
different,4
curves,4
5,4
doas,4
try,4
pnl,4
zones,4
equipment,4
street,4
report,4
savings,4
karen,4
development,4
caton,4
skills,4
bytes,4
live,4
windows,4
desc,4
residential,4
ac,4
bill,4
mit,4
esl,4
radiation,4
cfd,4
direct,4
mass,4
error,4
cfm,4
hot,4
certification,4
jones,4
existing,4
crawley,4
bigladdersoftware,4
yjhuang,4
mark,4
control,4
jpeg,4
ies,4
roof,4
large,4
method,4
papers,3
boiler,3
conferences,3
wind,3
engineers,3
drury,3
comfort,3
koti,3
models,3
sizing,3
sargent,3
smithboucher,3
100,3
recovery,3
elements,3
missouri,3
lord,3
iesve,3
technological,3
64105,3
days,3
aeck,3
high,3
efficiency,3
floors,3
aaron,3
city,3
admin,3
occupancy,3
pathfinder,3
process,3
technology,3
simulate,3
concrete,3
fred,3
peak,3
attend,3
scott,3
ramana,3
interface,3
latest,3
bemp,3
chilled,3
outdoor,3
minimum,3
appreciated,3
aeieng,3
communication,3
location,3
newsletter,3
eng,3
hourly,3
architecture,3
unmet,3
cgi,3
bnim,3
michael,3
convert,3
box,3
2016,3
jhaberl,3
daylight,3
studio,3
gerald,3
workshops,3
ma,3
way,3
canada,3
tmy2,3
utility,3
degree,3
ground,3
alex,3
bb,3
run,3
lordaecksargent,3
registration,3
technical,3
radiant,3
bentley,3
range,3
julien,3
course,3
thomas,3
projects,3
responsive,3
dirkes,3
cool,3
ea,3
private,3
plant,2
architects,2
create,2
coil,2
kw,2
flow,2
ext,2
administrator,2
pv,2
ladder,2
ian,2
hrs,2
virus,2
mechanical,2
yates,2
christoph,2
number,2
linda,2
chi01exmb,2
grade,2
insulation,2
pe,2
brian,2
features,2
dot,2
nrel,2
nexant,2
spaces,2
913,2
definition,2
2466,2
chapter,2
powerdoe,2
october,2
harvard,2
automatic,2
kind,2
lbl,2
occupied,2
nathan,2
double,2
gouv,2
sf,2
le,2
bhp,2
jeremiah,2
outside,2
issue,2
listinfo,2
click,2
boston,2
best,2
locations,2
1,2
dmiinc,2
vrf,2
construction,2
library,2
7,2
8653,2
psdconsulting,2
subscribe,2
fk,2
columns,2
ce,2
206,2
electric,2
david,2
material,2
st,2
tmy3,2
ght,2
pde,2
ceiling,2
april,2
presentations,2
unoccupied,2
costs,2
cop,2
requirements,2
copies,2
public,2
rates,2
protection,2
met,2
est,2
christian,2
3d,2
cox,2
schedule,2
company,2
flackandkurtz,2
actual,2
infiltration,2
tired,2
gototraining,2
1631,2
groups,2
forum,2
31,2
office,2
qm,2
dru,2
daysim,2
shading,2
rosenberg,2
49504,2
plenum,2
army,2
speed,2
questions,2
sources,2
hirsch,2
uniqid,2
controls,2
1635,2
spam,2
suite,2
code,2
curve,2
results,2
eurek,2
manager,2
pumps,2
perkinswill,2
go,2
kansas,2
usgbc,2
tiwari,2
chair,2
nwo,2
environment,2
presentation,2
support,2
division,2
g3,2
sambhav,2
surface,2
problem,2
dmi,2
denver,2
mode,2
technologies,2
link,2
interior,2
registered,2
consumption,2
low,2
cad,2
ii,2
radiance,2
applications,2
following,2
consultant,2
read,2
703,2
envelope,2
join,2
demand,2
higher,2
effect,2
values,2
eventbrite,2
ml3oma,1
genopt,1
walkerman,1
school,1
higgins,1
5840,1
transsolar,1
utm_medium,1
sp1,1
hansen,1
eric,1
tickets,1
lam,1
reports,1
jacob,1
controlled,1
orientations,1
component,1
december,1
february,1
torres,1
criteria,1
bd,1
epstein,1
learn,1
bivona,1
timothy,1
house,1
guidelines,1
pathfinderengineers,1
2640,1
disclaimer,1
sevengroup,1
sri,1
sadeghipour,1
society,1
conductance,1
rosiers,1
apeksha,1
today,1
585,1
measure,1
div,1
eu,1
skin,1
et,1
portland,1
sustainability,1
event,1
lab,1
quality,1
entering,1
small,1
temperatures,1
epact,1
barrier,1
80304,1
hand,1
carroll,1
visit,1
gbci,1
sudassociates,1
condenser,1
sebastian,1
query,1
des,1
climates,1
numbers,1
want,1
limited,1
iwec2,1
csv,1
roy,1
unimail,1
ft2,1
3376,1
ensar,1
doing,1
7674,1
color,1
edi,1
rob,1
gupta,1
gr,1
messages,1
martin,1
grahovac,1
2feepurl,1
privileged,1
leave,1
umit,1
associate,1
roofs,1
98104,1
626,1
ecm,1
vsami,1
2851,1
establishment,1
elevator,1
organized,1
postings,1
cleantechanalytics,1
diva4rhino,1
courriel,1
sbi,1
curriculum,1
buildingsimulation2017,1
cheney,1
wizard,1
exam,1
caveats,1
base,1
khare,1
york,1
put,1
apartment,1
jacobs,1
main,1
generation,1
en,1
rate,1
nbsp,1
apply,1
classification,1
motor,1
addressee,1
9639,1
kong,1
mostapha,1
app,1
zoeteman,1
sturdivant,1
ratio,1
apr,1
including,1
pavel,1
kwalkerman,1
europe,1
kurtz,1
430,1
setnrgh2o,1
style,1
natural,1
studies,1
suitable,1
thumb,1
alumni,1
97204,1
credit,1
leaving,1
marianaristi,1
consent,1
bre,1
total,1
boranian,1
fluent,1
unit,1
architect,1
vous,1
modelers,1
sp,1
guin,1
working,1
6th,1
image003,1
ny,1
wsp,1
rocky,1
mcibse,1
corp,1
858,1
hudson,1
amir,1
storage,1
chapin,1
silkworth,1
946,1
zed,1
warm,1
larry,1
tamus,1
38,1
kendra,1
274,1
mi,1
president,1
bishop,1
818,1
fossil,1
rathna,1
addenda,1
qualmann,1
james,1
madison,1
shell,1
thickness,1
contain,1
80202,1
transmitted,1
eac1,1
postman,1
mariana,1
828,1
reasonable,1
investment,1
leakage,1
email06,1
bills,1
peeters,1
alec,1
jaulbach,1
sw,1
england,1
mreng,1
marcus,1
530,1
chen,1
effort,1
tees,1
types,1
items,1
pallavi,1
2015,1
tillou,1
wales,1
shgc,1
vinay,1
address,1
rsvp,1
account,1
response,1
peachtree,1
dormitory,1
lee,1
pdf,1
arch,1
448,1
neeraj,1
3581,1
1624,1
refrigerated,1
needs,1
simulator,1
near_ej,1
40gmail,1
runyon,1
updates,1
tower,1
bit,1
8707,1
roth,1
facing,1
eer,1
56,1
patrick,1
blown,1
advanced,1
progressiveae,1
capacity,1
biz,1
boxes,1
utm_source,1
fkusa,1
85,1
big,1
rules,1
increased,1
cramer,1
claiming,1
mantha,1
sheelamkhare26,1
javed,1
971,1
approach,1
cooled,1
wspgroup,1
2664,1
enersave,1
assembly,1
span,1
measurements,1
tmy,1
esp,1
kegel,1
ellis,1
series,1
yahoogroups,1
dear,1
pnnl,1
phase,1
pacific,1
53703,1
successfully,1
twitter,1
elevators,1
apartments,1
krickx,1
google,1
hap,1
hay,1
things,1
6507,1
iwec,1
task,1
843,1
carleton,1
syed,1
0,1
hargis,1
driven,1
rain,1
nest,1
rmf,1
samuelson,1
catormsx02,1
winter,1
zgf,1
phcjamaica,1
stevens,1
otto,1
pae,1
matthew,1
member,1
eplus,1
application,1
center,1
builder,1
co2,1
lajevardi,1
josh,1
ee4,1
berkebile,1
smita,1
tucker,1
cundall,1
architectural,1
rooms,1
variable,1
robertwichert,1
stalberg,1
conditions,1
valuable,1
newton,1
scheduled,1
psd,1
opinions,1
modeler,1
parametric,1
nichols,1
command,1
materials,1
search,1
index,1
scotland,1
pressure,1
nal,1
shanta,1
internet,1
zapata,1
kaltreider,1
3d2,1
campus,1
acacia,1
alspach,1
expertise,1
associates,1
single,1
general,1
crockett,1
typical,1
608,1
moore,1
sefaira,1
3a,1
detailed,1
delete,1
ftch,1
district,1
yahoomailneo,1
excel,1
sharif,1
specialist,1
field,1
300,1
gl,1
nelson,1
wealend,1
42b11,1
sempra,1
vice,1
syedf,1
community,1
jra_sac,1
yang,1
check,1
mech,1
esiyok,1
getting,1
5280,1
tess,1
wbishop,1
developers,1
holly,1
department,1
details,1
jon,1
degelman,1
724,1
wa,1
430,1
specialists,1
91791,1
ou,1
johnston,1
tupper,1
plus,1
325,1
acknowledgement,1
unclassified,1
cleantech,1
column,1
stations,1
_____,1
porter,1
student,1
plug,1
stage,1
properties,1
9641,1
fareed,1
0769126d70,1
m2,1
grasshopper,1
gc,1
emissivity,1
ensargroup,1
756,1
default,1
lynn,1
info,1
226,1
227,1
228,1
sketchup,1
reset,1
differences,1
energyplus_support,1
1811,1
usace,1
students,1
mojtaba,1
laboratory,1
751,1
gotowebinar,1
frames,1
6606,1
geraldpde,1
mrzoeteman,1
greenfield,1
edwin,1
876,1
510,1
tavis,1
primerachicago,1
fresh,1
sector,1
institute,1
developing,1
senior,1
face,1
voodoo,1
epsteinglobal,1
jeetendra,1
20110308,1
sandbinc2,1
archenergy,1
drive,1
418,1
exc,1
indoor,1
promotions,1
jeffhaberl,1
measured,1
points,1
services,1
scanned,1
jmi,1
infrared,1
dutel,1
solutions,1
fporter,1
national,1
glumac,1
gains,1
image002,1
contact,1
boulder,1
wetter,1
fuel,1
arena,1
631,1
content,1
going,1
sv04005,1
title,1
bipv,1
impact,1
hornets,1
font,1
gshp,1
flack,1
acceptability,1
exchange2,1
77,1
jorge,1
exporting,1
arup,1
toronto,1
binned,1
reduce,1
runeplus,1
hong,1
para,1
laouadi,1
product,1
casework,1
5823,1
mehta,1
station,1
practitioners,1
ontario,1
csturdiv,1
oc11expo28,1
perkins,1
entitled,1
set,1
built,1
stewart,1
south,1
1005,1
thereof,1
862,1
trace,1
recording,1
santiago,1
rasheed,1
tresidder,1
online,1
320,1
brandon,1
ideas,1
thornton,1
sbw,1
mil,1
board,1
mountain,1
daylighting,1
colta,1
plenums,1
phd,1
seer,1
iit,1
abstracts,1
smithgroup,1
month,1
truth,1
sheelam,1
preferred,1
night,1
exchanger,1
andrew,1
methods,1
squirrel,1
diversity,1
mike,1
website,1
calc,1
mc_cid,1
something,1
carey,1
dortmund,1
powered,1
billing,1
mobile,1
halsall,1
utm_campaign,1
255,1
nicole,1
251,1
table,1
diva,1
viruses,1
dimensional,1
period,1
basline,1
modelling,1
basement,1
lift,1
develop,1
par,1
achapin,1
seattle,1
designbuilderusa,1
facade,1
conditioned,1
coating,1
ir,1
orientation,1
aia,1
voice,1
export,1
optimization,1
254,1
class,1
batch,1
_ylc,1
look,1
llp,1
gpc18,1
homes,1
standards,1
malcolm,1
cj,1
dreamhost,1
uni,1
sheffer,1
2,1
espr,1
close,1
result,1
college,1
computer,1
juan,1
frame,1
312,1
carrizo,1
requirement,1
confidential,1
service,1
recommendations,1
dcmit_esiyok,1
ahmad,1
lexington,1
download,1
bat,1
eskewdumezripple,1
prosoco,1
coto,1
naturalintelligence,1
currently,1
fenestration,1
wi,1
studioma,1
mc_eid,1
utilities,1
annual,1
sriregistrar,1
aecosim,1
tax,1
mrt,1
cities,1
job,1
ieice,1
ibpsausa,1
0af59bbb65,1
ability,1
market,1
9060,1
361,1
vs,1
jta,1
volume,1
conceptual,1
mud,1
facebook,1